{"cameraMode":{"drawMode":0,"name":"Shaded","section":"Shading Mode"},"sceneLighting":false,"audioPlay":false,"sceneViewState":{"m_AlwaysRefresh":false,"showFog":false,"showSkybox":false,"showFlares":false,"showImageEffects":false,"showParticleSystems":false,"showVisualEffectGraphs":true,"m_FxEnabled":true},"in2DMode":false,"pivot":{"x":-0.02415180206298828,"y":3.8864662647247316,"z":-1.1920928955078126e-7},"rotation":{"x":-0.4392608404159546,"y":-0.005168175790458918,"z":0.00244692899286747,"w":-0.8982790112495422},"size":3.5106852054595949,"orthographic":false}