{"cameraMode":{"drawMode":0,"name":"Shaded","section":"Shading Mode"},"sceneLighting":true,"audioPlay":false,"sceneViewState":{"m_AlwaysRefresh":false,"showFog":true,"showSkybox":true,"showFlares":true,"showImageEffects":true,"showParticleSystems":true,"showVisualEffectGraphs":true,"m_FxEnabled":true},"in2DMode":false,"pivot":{"x":1690.610107421875,"y":956.3954467773438,"z":26.07830810546875},"rotation":{"x":-0.3705877959728241,"y":0.026461170986294748,"z":0.010559399612247944,"w":0.9283661246299744},"size":157.91424560546876,"orthographic":false}